"","topic","term","estimate","signif"
"1",1,"Year",0.00148263327379927,"***"
"2",4,"Year",-0.00273820784312351,"***"
"3",7,"Year",-0.000346826311289449," "
"4",10,"Year",0.00126447492906976,"***"
"5",13,"Year",0.000166567534622248," "
"6",16,"Year",0.00105940738609372,"***"
"7",19,"Year",-0.000811430944383726,"**"
